scope,model,common_tasks,avg_aed,med_aed,avg_ccr,med_ccr
Base+PAFT+SFT,Base,118,289.91525423728814,238.0,56.19148820192857,62.828947368421055
Base+PAFT+SFT,PAFT,118,87.34745762711864,18.0,77.87077178119257,88.88888888888889
Base+PAFT+SFT,SFT,118,165.8050847457627,80.5,63.730433659656065,71.82539682539682
SFT+PAFT,SFT,124,173.19354838709677,92.0,63.54309402529889,71.82539682539682
SFT+PAFT,PAFT,124,92.0241935483871,20.5,77.67886071873461,87.5
Base+PAFT,Base,135,297.962962962963,247,55.57742735405599,61.904761904761905
Base+PAFT,PAFT,135,88.35555555555555,18,78.0086148289056,88.88888888888889
