model,bugs,result_files,expected_patch_count,missing_results,padded_bugs,truncated_bugs,pass1_est,fixed0_pass,fixed0_plausible,fixed0_avg_aed,fixed0_med_aed,fixed0_avg_ccr,fixed0_med_ccr,all_plausible_patches,all_avg_aed,all_med_aed,all_avg_ccr,all_med_ccr,no_op_fixed0,no_op_fixed0_pct,no_op_all,no_op_plausible
deepseek-6.7b,371,371,10,0,0,0,5.795148247978435,6.738544474393531,25,141.0,117.0,69.79482847403243,75.0,215,142.89767441860465,113.0,70.64495465051641,75.0,92,24.797843665768195,933,0
deepseek-6.7b-promptloss,371,371,10,0,0,0,7.412398921832885,8.89487870619946,33,118.75757575757575,54.0,68.86009684137576,75.0,275,105.01454545454546,61.0,71.38714832826605,77.77777777777779,8,2.15633423180593,82,0
deepseek-6.7b-paft,371,371,10,0,0,0,10.134770889487871,11.05121293800539,41,86.1219512195122,45.0,74.58022264826087,82.14285714285714,376,80.65691489361703,42.0,76.3355356133264,85.41666666666666,35,9.433962264150944,326,0
