model,normalized_bugs,padded_bugs,actual_patches,pass@1,pass@5,pass@10,plausible_bugs,plausible_patches,avg_aed,med_aed,avg_ccr,med_ccr,no_op_all_pct,no_op_plausible
qwen2.5coder14b-hejava-n1-s7301,163,0,163,7.361963190184049,7.361963190184049,7.361963190184049,12,12,320.5,339.5,50.08101273726274,45.8041958041958,0.0,0
qwen2.5coder14b-sft-oldrecipe-lr2e4-e3-20260620-hejava-n1-s7301,163,0,163,4.294478527607362,4.294478527607362,4.294478527607362,7,7,77.0,49.0,70.88156941098119,72.72727272727273,0.0,0
qwen2.5coder14b-paft-oldrecipe-w15-lr2e4-e3-20260620-hejava-n1-s7301,163,0,163,7.975460122699387,7.975460122699387,7.975460122699387,13,13,46.0,4.0,78.98134670759106,80.0,1.8404907975460123,0
