model,normalized_bugs,padded_bugs,actual_patches,pass@1,pass@5,pass@10,plausible_bugs,plausible_patches,avg_aed,med_aed,avg_ccr,med_ccr,no_op_all_pct,no_op_plausible
qwen2.5coder14b-hejava-n5-s7302-pkgfix,163,0,815,2.085889570552147,7.361963190184049,7.361963190184049,12,17,394.2352941176471,481.0,42.92248959667186,33.33333333333333,0.0,0
qwen2.5coder14b-sft-oldrecipe-lr2e4-e3-20260620-hejava-n5-s7302-pkgfix,163,0,815,3.067484662576687,7.361963190184049,7.361963190184049,12,25,139.44,29.0,73.63145743145746,77.77777777777779,1.3496932515337423,0
qwen2.5coder14b-paft-oldrecipe-w15-lr2e4-e3-20260620-hejava-n5-s7302-pkgfix,163,0,815,2.331288343558282,8.588957055214724,8.588957055214724,14,19,124.05263157894737,127.0,75.14440137398397,72.72727272727273,2.331288343558282,0
qwen2.5coder14b-paft-oldrecipe-w2-lr2e4-e3-20260620-hejava-n5-s7302-pkgfix,163,0,815,0.6134969325153374,0.6134969325153374,0.6134969325153374,1,5,272.0,272.0,72.72727272727273,72.72727272727273,2.8220858895705523,0
