model,normalized_bugs,padded_bugs,actual_patches,pass@1,pass@5,pass@10,plausible_bugs,plausible_patches,avg_aed,med_aed,avg_ccr,med_ccr,no_op_all_pct,no_op_plausible
qwen2.5coder14b-hejava-n5-s7301-pkgfix,163,0,815,0.6134969325153374,0.6134969325153374,0.6134969325153374,1,5,425.0,425.0,40.909090909090914,40.909090909090914,0.0,0
qwen2.5coder14b-sft-oldrecipe-lr2e4-e3-20260620-hejava-n5-s7301-pkgfix,163,0,815,0.6134969325153374,0.6134969325153374,0.6134969325153374,1,5,272.0,272.0,72.72727272727273,72.72727272727273,1.8404907975460123,0
qwen2.5coder14b-paft-oldrecipe-w15-lr2e4-e3-20260620-hejava-n5-s7301-pkgfix,163,0,815,0.6134969325153374,0.6134969325153374,0.6134969325153374,1,5,3.0,3.0,94.11764705882352,94.11764705882352,3.067484662576687,0
