model,normalized_bugs,padded_bugs,actual_patches,pass@1,pass@5,pass@10,plausible_bugs,plausible_patches,avg_aed,med_aed,avg_ccr,med_ccr,no_op_all_pct,no_op_plausible
qwen2.5coder14b-hejava-n10-s7302-pkgfix,163,0,1630,0.6134969325153374,0.6134969325153374,0.6134969325153374,1,10,481.0,481.0,33.33333333333332,33.33333333333333,0.0,0
qwen2.5coder14b-sft-oldrecipe-lr2e4-e3-20260620-hejava-n10-s7302-pkgfix,163,0,1630,0.6134969325153374,0.6134969325153374,0.6134969325153374,1,10,299.0,299.0,63.63636363636364,63.63636363636363,1.4723926380368098,0
qwen2.5coder14b-paft-oldrecipe-w15-lr2e4-e3-20260620-hejava-n10-s7302-pkgfix,163,0,1630,0.6134969325153374,0.6134969325153374,0.6134969325153374,1,10,271.0,271.0,72.72727272727273,72.72727272727273,2.331288343558282,0
qwen2.5coder14b-paft-oldrecipe-w2-lr2e4-e3-20260620-hejava-n10-s7302-pkgfix,163,0,1630,0.6134969325153374,0.6134969325153374,0.6134969325153374,1,10,272.0,272.0,72.72727272727273,72.72727272727273,2.6993865030674846,0
