aed_avg_mean,aed_median_mean,ccr_avg_mean,ccr_median_mean,model,noop_first_mean,pass1_mean,pass1_std,pass5_mean,pass5_std,runs
290.14281054094596,274.0,61.28594190274219,67.37405731523378,deepseek-6.7b,0.0,31.8,1.2041594578792307,63.0,2.7386127875258306,5
243.9225568377924,238.6,59.097696613493426,64.2933954933955,deepseek-6.7b-trained-noprompt,0.0,24.500000000000004,0.9354143466934824,58.99999999999999,2.2360679774997934,5
255.38511056789307,237.6,76.54234685795932,82.84151555358986,deepseek-6.7b-trained-prorepair,0.0,43.199999999999996,2.9916550603303214,72.5,3.0618621784789726,5
