model,runs,pass@1_mean,pass@1_std,pass@5_mean,pass@5_std,aed_avg_mean,aed_avg_std,aed_median_mean,aed_median_std,ccr_avg_mean,ccr_avg_std,ccr_median_mean,ccr_median_std,noop_first_mean,noop_first_std,noop_all_mean,noop_all_std
deepseek-6.7b,8,32.62499999999999,2.7613402542968126,65.9375,2.6516504294495533,297.2553580473805,11.789524047218274,271.625,13.832544441073946,57.8400575261119,4.367653789586556,61.3015581232493,8.758273632611157,0.125,0.3535533905932738,0.375,0.5175491695067657
deepseek-6.7b-trained-noprompt,8,22.9375,2.9572851932618325,58.125,4.172614801981401,270.9923967898636,16.17721863640901,259.5,9.852483370776556,56.43561332476261,2.3126485547274145,63.62768541324576,4.098345082196226,0.0,0.0,0.0,0.0
deepseek-6.7b-trained-prorepair,8,39.12499999999999,2.985081956280979,68.75,4.008918628686366,243.6824270245114,22.434357063911918,230.9375,12.616422121301156,75.6102766259948,2.3262229506149548,82.68122889107796,1.0184274072134383,0.375,0.5175491695067657,0.875,0.8345229603962802
