scope,model,common_tasks,avg_aed,med_aed,avg_ccr,med_ccr
Base+SFT+PAFT-w1.5+PAFT-w2,Base,113,253.9203539823009,186,55.903774705190195,60.0
Base+SFT+PAFT-w1.5+PAFT-w2,SFT,113,232.89380530973452,121,64.20206888277964,70.0
Base+SFT+PAFT-w1.5+PAFT-w2,PAFT-w1.5,113,71.08849557522124,26,81.46981766675458,86.66666666666667
Base+SFT+PAFT-w1.5+PAFT-w2,PAFT-w2,113,82.72566371681415,48,81.53369284184274,83.33333333333334
